LO ID	LO Description	Subject	Category	Topic	Grade	STEM Element(s)	Bloom’s Level(s) Guideline	Keywords	grade_codes
AI-6.1-B1	Có thể xác định các khái niệm và nhớ lại các ứng dụng AI đơn giản trong cuộc sống theo hướng dẫn.	Năng lực số theo Khung năng lực 2025	Ứng dụng trí tuệ nhân tạo	Hiểu biết về Trí tuệ nhân tạo	Tiểu học	Technology, Science	Remember	AI, trí tuệ nhân tạo, khái niệm cơ bản, ứng dụng AI	G3,G4
AI-6.1-B2	Có thể tự mình giải thích nguyên tắc hoạt động cơ bản của AI và diễn giải các thuật ngữ liên quan.	Năng lực số theo Khung năng lực 2025	Ứng dụng trí tuệ nhân tạo	Hiểu biết về Trí tuệ nhân tạo	Tiểu học	Technology, Science	Understand	nguyên tắc hoạt động, thuật ngữ AI	G4,G5,G6
AI-6.2-B1	Có thể nhận diện các công cụ AI đơn giản, thực hiện các thao tác cơ bản và nhận thức về các vấn đề đạo đức liên quan theo hướng dẫn.	Năng lực số theo Khung năng lực 2025	Ứng dụng trí tuệ nhân tạo	Sử dụng Trí tuệ nhân tạo	Tiểu học	Technology	Remember, Understand	sử dụng AI, công cụ AI, đạo đức AI	G3,G4
AI-6.2-B2	Có thể tự mình áp dụng các công cụ AI để giải quyết vấn đề đơn giản và tuân thủ các quy định pháp luật cơ bản.	Năng lực số theo Khung năng lực 2025	Ứng dụng trí tuệ nhân tạo	Sử dụng Trí tuệ nhân tạo	Tiểu học	Technology	Apply	áp dụng công cụ, giải quyết vấn đề, tuân thủ	G4,G5,G6
AI-6.3-B1	Có thể nhận diện các yếu tố cơ bản của một hệ thống AI cần được đánh giá và mô tả các chức năng chính của nó.	Năng lực số theo Khung năng lực 2025	Ứng dụng trí tuệ nhân tạo	Đánh giá Trí tuệ nhân tạo	Tiểu học	Technology, Science	Remember, Understand	đánh giá AI, yếu tố cơ bản, chức năng	G3,G4
AI-6.3-B2	Có thể giải thích cách hoạt động và tóm tắt các đặc điểm, ứng dụng của các hệ thống AI đơn giản.	Năng lực số theo Khung năng lực 2025	Ứng dụng trí tuệ nhân tạo	Đánh giá Trí tuệ nhân tạo	Tiểu học	Technology, Science	Understand	giải thích hoạt động, tóm tắt đặc điểm	G4,G5,G6
CC-2.1-B1	Có thể lựa chọn các công nghệ số và phương tiện giao tiếp đơn giản, quen thuộc để tương tác theo hướng dẫn.	Năng lực số theo Khung năng lực 2025	Giao tiếp và Hợp tác trong môi trường số	Tương tác thông qua công nghệ số	Tiểu học	Technology	Remember, Understand	lựa chọn công nghệ, tương tác đơn giản, phương tiện giao tiếp, có hướng dẫn	G3,G4
CC-2.1-B2	Có thể tự mình lựa chọn các công nghệ số và phương tiện giao tiếp đơn giản, quen thuộc để tương tác.	Năng lực số theo Khung năng lực 2025	Giao tiếp và Hợp tác trong môi trường số	Tương tác thông qua công nghệ số	Tiểu học	Technology	Understand, Apply	tự lựa chọn, tương tác đơn giản, email, chat	G4,G5,G6
CC-2.2-B1	Có thể nhận biết các công nghệ số đơn giản để chia sẻ thông tin và biết cách tham chiếu nguồn cơ bản theo hướng dẫn.	Năng lực số theo Khung năng lực 2025	Giao tiếp và Hợp tác trong môi trường số	Chia sẻ thông tin và nội dung thông qua công nghệ số	Tiểu học	Technology	Remember	nhận biết, chia sẻ thông tin, tham chiếu cơ bản	G3,G4
CC-2.2-B2	Có thể tự mình nhận biết các công nghệ số đơn giản để chia sẻ thông tin và biết cách tham chiếu nguồn cơ bản.	Năng lực số theo Khung năng lực 2025	Giao tiếp và Hợp tác trong môi trường số	Chia sẻ thông tin và nội dung thông qua công nghệ số	Tiểu học	Technology	Understand	nhận biết, chia sẻ thông tin, ghi chú nguồn	G4,G5,G6
CC-2.3-B1	Có thể xác định các dịch vụ số và nhận biết các công nghệ số đơn giản để tham gia xã hội theo hướng dẫn.	Năng lực số theo Khung năng lực 2025	Giao tiếp và Hợp tác trong môi trường số	Sử dụng công nghệ số để thực hiện trách nhiệm công dân	Tiểu học	Technology	Remember, Understand	dịch vụ số, tham gia xã hội, trách nhiệm công dân	G3,G4
CC-2.3-B2	Có thể tự mình xác định các dịch vụ số và nhận biết các công nghệ số đơn giản để tham gia xã hội.	Năng lực số theo Khung năng lực 2025	Giao tiếp và Hợp tác trong môi trường số	Sử dụng công nghệ số để thực hiện trách nhiệm công dân	Tiểu học	Technology	Understand, Apply	dịch vụ số, tham gia xã hội, tự nhận biết	G4,G5,G6
CC-2.4-B1	Có thể chọn được các công cụ và công nghệ số đơn giản cho các quá trình hợp tác theo hướng dẫn.	Năng lực số theo Khung năng lực 2025	Giao tiếp và Hợp tác trong môi trường số	Hợp tác thông qua công nghệ số	Tiểu học	Technology	Remember	chọn công cụ, hợp tác, có hướng dẫn	G3,G4
CC-2.4-B2	Có thể tự mình chọn được các công cụ và công nghệ số đơn giản cho các quá trình hợp tác.	Năng lực số theo Khung năng lực 2025	Giao tiếp và Hợp tác trong môi trường số	Hợp tác thông qua công nghệ số	Tiểu học	Technology	Understand	chọn công cụ, hợp tác, tự thực hiện	G4,G5,G6
CC-2.5-B1	Có thể phân biệt các chuẩn mực hành vi, chọn chiến lược giao tiếp đơn giản và nhận biết sự đa dạng văn hóa theo hướng dẫn.	Năng lực số theo Khung năng lực 2025	Giao tiếp và Hợp tác trong môi trường số	Quy tắc ứng xử trên mạng	Tiểu học	Technology	Remember, Understand	chuẩn mực hành vi, ứng xử trên mạng, netiquette	G3,G4
CC-2.5-B2	Có thể tự mình phân biệt các chuẩn mực hành vi, chọn chiến lược giao tiếp đơn giản và nhận biết sự đa dạng văn hóa.	Năng lực số theo Khung năng lực 2025	Giao tiếp và Hợp tác trong môi trường số	Quy tắc ứng xử trên mạng	Tiểu học	Technology	Understand	chuẩn mực hành vi, ứng xử trên mạng, netiquette	G4,G5,G6
CC-2.6-B1	Có thể xác định danh tính số, mô tả cách bảo vệ danh tiếng và nhận biết dữ liệu do mình tạo ra theo hướng dẫn.	Năng lực số theo Khung năng lực 2025	Giao tiếp và Hợp tác trong môi trường số	Quản lý danh tính số	Tiểu học	Technology	Remember	danh tính số, danh tiếng trực tuyến, dữ liệu cá nhân	G3,G4
CC-2.6-B2	Có thể tự mình xác định danh tính số, mô tả cách bảo vệ danh tiếng và nhận biết dữ liệu do mình tạo ra.	Năng lực số theo Khung năng lực 2025	Giao tiếp và Hợp tác trong môi trường số	Quản lý danh tính số	Tiểu học	Technology	Understand	danh tính số, danh tiếng trực tuyến, dữ liệu cá nhân	G4,G5,G6
DC-3.1-B1	Có thể xác định và chọn các cách tạo, chỉnh sửa nội dung và phương tiện số đơn giản theo hướng dẫn.	Năng lực số theo Khung năng lực 2025	Sáng tạo nội dung số	Phát triển nội dung số	Tiểu học	Technology, Art	Remember, Understand	tạo nội dung, chỉnh sửa, phương tiện số, có hướng dẫn	G3,G4
DC-3.1-B2	Có thể tự mình xác định và chọn các cách tạo, chỉnh sửa nội dung và phương tiện số đơn giản.	Năng lực số theo Khung năng lực 2025	Sáng tạo nội dung số	Phát triển nội dung số	Tiểu học	Technology, Art	Understand, Apply	tạo nội dung, chỉnh sửa, phương tiện số, tự thực hiện	G4,G5,G6
DC-3.2-B1	Có thể chọn các cách đơn giản để sửa đổi, tinh chỉnh và tích hợp nội dung mới để tạo ra sản phẩm độc đáo theo hướng dẫn.	Năng lực số theo Khung năng lực 2025	Sáng tạo nội dung số	Tích hợp và tạo lập lại nội dung số	Tiểu học	Technology, Art	Remember, Understand	tích hợp nội dung, remix, tạo sản phẩm mới, có hướng dẫn	G3,G4
DC-3.2-B2	Có thể tự mình chọn các cách đơn giản để sửa đổi, tinh chỉnh và tích hợp nội dung mới để tạo ra sản phẩm độc đáo.	Năng lực số theo Khung năng lực 2025	Sáng tạo nội dung số	Tích hợp và tạo lập lại nội dung số	Tiểu học	Technology, Art	Understand, Apply	tích hợp nội dung, remix, tạo sản phẩm mới, tự thực hiện	G4,G5,G6
DC-3.3-B1	Có thể xác định các quy tắc đơn giản về bản quyền và giấy phép khi được hướng dẫn.	Năng lực số theo Khung năng lực 2025	Sáng tạo nội dung số	Thực thi bản quyền và giấy phép	Tiểu học	Technology	Remember	bản quyền, giấy phép, quy tắc đơn giản	G3,G4
DC-3.3-B2	Có thể tự mình xác định các quy tắc đơn giản về bản quyền và giấy phép.	Năng lực số theo Khung năng lực 2025	Sáng tạo nội dung số	Thực thi bản quyền và giấy phép	Tiểu học	Technology	Understand	bản quyền, giấy phép, tự xác định	G4,G5,G6
DC-3.4-B1	Có thể liệt kê các hướng dẫn đơn giản cho máy tính để giải quyết một vấn đề đơn giản theo chỉ dẫn.	Năng lực số theo Khung năng lực 2025	Sáng tạo nội dung số	Lập trình	Tiểu học	Technology, Engineering, Math	Remember	lập trình, hướng dẫn máy tính, câu lệnh đơn giản	G3,G4
DC-3.4-B2	Có thể tự mình liệt kê các hướng dẫn đơn giản cho máy tính để giải quyết một vấn đề đơn giản.	Năng lực số theo Khung năng lực 2025	Sáng tạo nội dung số	Lập trình	Tiểu học	Technology, Engineering, Math	Understand	lập trình, hướng dẫn máy tính, Scratch, khối lệnh	G4,G5,G6
IF-1.1-B1	Có thể xác định nhu cầu thông tin và thực hiện tìm kiếm đơn giản theo hướng dẫn.	Năng lực số theo Khung năng lực 2025	Khai thác Dữ liệu và Thông tin	Duyệt, tìm kiếm và lọc dữ liệu, thông tin và nội dung số	Tiểu học	Technology	Remember	tìm kiếm đơn giản, có hướng dẫn, truy cập dữ liệu	G3,G4
IF-1.1-B2	Có thể tự mình xác định nhu cầu thông tin và thực hiện tìm kiếm đơn giản trong các bối cảnh quen thuộc.	Năng lực số theo Khung năng lực 2025	Khai thác Dữ liệu và Thông tin	Duyệt, tìm kiếm và lọc dữ liệu, thông tin và nội dung số	Tiểu học	Technology	Understand, Apply	tự tìm kiếm, truy cập dữ liệu, chiến lược đơn giản	G4,G5,G6
IF-1.2-B1	Có thể phát hiện độ tin cậy và chính xác của các nguồn thông tin quen thuộc, phổ biến khi được hướng dẫn.	Năng lực số theo Khung năng lực 2025	Khai thác Dữ liệu và Thông tin	Đánh giá dữ liệu, thông tin và nội dung số	Tiểu học	Technology	Remember	phát hiện, độ tin cậy, nguồn chung	G3,G4
IF-1.2-B2	Có thể tự mình phát hiện độ tin cậy và chính xác của các nguồn thông tin quen thuộc, phổ biến.	Năng lực số theo Khung năng lực 2025	Khai thác Dữ liệu và Thông tin	Đánh giá dữ liệu, thông tin và nội dung số	Tiểu học	Technology	Understand	phát hiện, độ tin cậy, nguồn chung	G4,G5,G6
IF-1.3-B1	Có thể xác định cách tổ chức và nhận biết nơi lưu trữ dữ liệu, thông tin một cách đơn giản theo hướng dẫn.	Năng lực số theo Khung năng lực 2025	Khai thác Dữ liệu và Thông tin	Quản lý dữ liệu, thông tin và nội dung số	Tiểu học	Technology	Remember	tổ chức dữ liệu, lưu trữ, có hướng dẫn	G3,G4
IF-1.3-B2	Có thể tự mình xác định cách tổ chức và nhận biết nơi lưu trữ dữ liệu, thông tin một cách đơn giản.	Năng lực số theo Khung năng lực 2025	Khai thác Dữ liệu và Thông tin	Quản lý dữ liệu, thông tin và nội dung số	Tiểu học	Technology	Understand, Apply	tổ chức dữ liệu, lưu trữ, tự thực hiện	G4,G5,G6
PS-5.1-B1	Có thể xác định các vấn đề và giải pháp kỹ thuật đơn giản khi vận hành thiết bị theo hướng dẫn.	Năng lực số theo Khung năng lực 2025	Giải quyết vấn đề	Giải quyết các vấn đề kỹ thuật	Tiểu học	Technology, Engineering	Remember	vấn đề kỹ thuật, giải pháp đơn giản, có hướng dẫn	G3,G4
PS-5.1-B2	Có thể tự mình xác định các vấn đề và giải pháp kỹ thuật đơn giản khi vận hành thiết bị.	Năng lực số theo Khung năng lực 2025	Giải quyết vấn đề	Giải quyết các vấn đề kỹ thuật	Tiểu học	Technology, Engineering	Understand, Apply	vấn đề kỹ thuật, giải pháp đơn giản, tự thực hiện	G4,G5,G6
PS-5.2-B1	Có thể xác định nhu cầu cá nhân và nhận ra các công cụ, giải pháp công nghệ đơn giản theo hướng dẫn.	Năng lực số theo Khung năng lực 2025	Giải quyết vấn đề	Xác định nhu cầu và giải pháp công nghệ	Tiểu học	Technology, Engineering	Remember	xác định nhu cầu, giải pháp công nghệ, có hướng dẫn	G3,G4
PS-5.2-B2	Có thể tự mình xác định nhu cầu cá nhân và nhận ra các công cụ, giải pháp công nghệ đơn giản.	Năng lực số theo Khung năng lực 2025	Giải quyết vấn đề	Xác định nhu cầu và giải pháp công nghệ	Tiểu học	Technology, Engineering	Understand, Apply	xác định nhu cầu, giải pháp công nghệ, tự thực hiện	G4,G5,G6
PS-5.3-B1	Có thể xác định các công cụ số đơn giản để tạo ra kiến thức, đổi mới và thể hiện sự quan tâm đến việc giải quyết vấn đề.	Năng lực số theo Khung năng lực 2025	Giải quyết vấn đề	Sử dụng sáng tạo công nghệ số	Tiểu học	Technology, Engineering, Art	Remember, Understand	sử dụng sáng tạo, tạo kiến thức, đổi mới, giải quyết vấn đề	G3,G4
PS-5.3-B2	Có thể xác định các công cụ số đơn giản và tuân theo quy trình nhận thức để giải quyết các vấn đề đơn giản.	Năng lực số theo Khung năng lực 2025	Giải quyết vấn đề	Sử dụng sáng tạo công nghệ số	Tiểu học	Technology, Engineering, Art	Understand, Apply	tuân theo quy trình, giải quyết vấn đề đơn giản	G4,G5,G6
PS-5.4-B1	Có thể nhận ra năng lực số của bản thân cần cải thiện và xác định nơi tìm kiếm cơ hội phát triển theo hướng dẫn.	Năng lực số theo Khung năng lực 2025	Giải quyết vấn đề	Xác định các vấn đề cần cải thiện về năng lực số	Tiểu học	Technology	Remember	nhận ra, cải thiện, cơ hội phát triển	G3,G4
PS-5.4-B2	Có thể tự mình nhận ra năng lực số của bản thân cần cải thiện và xác định nơi tìm kiếm cơ hội phát triển.	Năng lực số theo Khung năng lực 2025	Giải quyết vấn đề	Xác định các vấn đề cần cải thiện về năng lực số	Tiểu học	Technology	Understand	tự nhận ra, cải thiện, cơ hội phát triển	G4,G5,G6
SF-4.1-B1	Có thể nhận biết cách bảo vệ thiết bị, nội dung số và các biện pháp an toàn đơn giản theo hướng dẫn.	Năng lực số theo Khung năng lực 2025	An toàn	Bảo vệ thiết bị	Tiểu học	Technology	Remember	bảo vệ thiết bị, an toàn, có hướng dẫn	G3,G4
SF-4.1-B2	Có thể tự mình nhận biết và tuân theo các biện pháp bảo vệ thiết bị, nội dung số và các biện pháp an toàn đơn giản.	Năng lực số theo Khung năng lực 2025	An toàn	Bảo vệ thiết bị	Tiểu học	Technology	Understand, Apply	bảo vệ thiết bị, tuân theo, an toàn đơn giản	G4,G5,G6
SF-4.2-B1	Có thể lựa chọn cách bảo vệ dữ liệu cá nhân và nhận biết cách chia sẻ thông tin an toàn theo hướng dẫn.	Năng lực số theo Khung năng lực 2025	An toàn	Bảo vệ dữ liệu cá nhân và quyền riêng tư	Tiểu học	Technology	Remember	dữ liệu cá nhân, quyền riêng tư, chia sẻ an toàn, có hướng dẫn	G3,G4
SF-4.2-B2	Có thể tự mình lựa chọn cách bảo vệ dữ liệu cá nhân và nhận biết cách chia sẻ thông tin an toàn.	Năng lực số theo Khung năng lực 2025	An toàn	Bảo vệ dữ liệu cá nhân và quyền riêng tư	Tiểu học	Technology	Understand, Apply	dữ liệu cá nhân, quyền riêng tư, chia sẻ an toàn, tự thực hiện	G4,G5,G6
SF-4.3-B1	Có thể phân biệt và lựa chọn các cách đơn giản để tránh rủi ro sức khỏe và bảo vệ bản thân khỏi nguy cơ trên mạng theo hướng dẫn.	Năng lực số theo Khung năng lực 2025	An toàn	Bảo vệ sức khỏe và an sinh số	Tiểu học	Technology	Remember, Understand	sức khỏe số, an sinh số, tránh rủi ro, bảo vệ bản thân	G3,G4
SF-4.3-B2	Có thể tự mình phân biệt và lựa chọn các cách đơn giản để tránh rủi ro sức khỏe và bảo vệ bản thân khỏi nguy cơ trên mạng.	Năng lực số theo Khung năng lực 2025	An toàn	Bảo vệ sức khỏe và an sinh số	Tiểu học	Technology	Understand, Apply	sức khỏe số, an sinh số, bảo vệ bản thân, tự thực hiện	G4,G5,G6
SF-4.4-B1	Có thể nhận biết tác động cơ bản của công nghệ số đến môi trường theo hướng dẫn.	Năng lực số theo Khung năng lực 2025	An toàn	Bảo vệ môi trường	Tiểu học	Technology, Science	Remember	bảo vệ môi trường, tác động công nghệ, có hướng dẫn	G3,G4
SF-4.4-B2	Có thể tự mình nhận biết tác động cơ bản của công nghệ số đến môi trường.	Năng lực số theo Khung năng lực 2025	An toàn	Bảo vệ môi trường	Tiểu học	Technology, Science	Understand	bảo vệ môi trường, tác động công nghệ, tự nhận biết	G4,G5,G6
AI-6.1-B5	Có thể đánh giá hiệu quả của các hệ thống AI trong việc giải quyết vấn đề và kiểm tra các giới hạn, tiềm năng của chúng.	Năng lực số theo Khung năng lực 2025	Ứng dụng trí tuệ nhân tạo	Hiểu biết về Trí tuệ nhân tạo	THPT	Technology, Science, Math	Apply, Evaluate	đánh giá hiệu quả, giới hạn AI, tiềm năng AI	G9,G10,G11,G12
AI-6.1-B6	Có thể tổng hợp kiến thức để đề xuất cải tiến cho hệ thống AI và thiết kế các giải pháp AI sáng tạo.	Năng lực số theo Khung năng lực 2025	Ứng dụng trí tuệ nhân tạo	Hiểu biết về Trí tuệ nhân tạo	THPT	Technology, Science, Engineering	Analyze, Create	tổng hợp kiến thức, đề xuất cải tiến, thiết kế giải pháp	G10,G11,G12
AI-6.2-B5	Có thể phát triển các ứng dụng AI tùy chỉnh, điều chỉnh hệ thống AI và đánh giá, giảm thiểu các rủi ro đạo đức, pháp lý.	Năng lực số theo Khung năng lực 2025	Ứng dụng trí tuệ nhân tạo	Sử dụng Trí tuệ nhân tạo	THPT	Technology, Engineering	Apply, Evaluate, Create	phát triển ứng dụng, điều chỉnh AI, giảm thiểu rủi ro	G9,G10,G11,G12
AI-6.2-B6	Có thể tích hợp AI vào quy trình làm việc, giám sát hoạt động và chịu trách nhiệm về các kết quả do AI tạo ra.	Năng lực số theo Khung năng lực 2025	Ứng dụng trí tuệ nhân tạo	Sử dụng Trí tuệ nhân tạo	THPT	Technology	Apply, Evaluate	tích hợp AI, giám sát, chịu trách nhiệm	G10,G11,G12
AI-6.3-B5	Có thể phê phán các khía cạnh kỹ thuật, đạo đức của hệ thống AI và kiểm tra, xác minh tính chính xác của các quyết định do AI đưa ra.	Năng lực số theo Khung năng lực 2025	Ứng dụng trí tuệ nhân tạo	Đánh giá Trí tuệ nhân tạo	THPT	Technology, Science	Evaluate	phê phán, khía cạnh đạo đức, xác minh tính chính xác	G9,G10,G11,G12
AI-6.3-B6	Có thể đưa ra khuyến nghị cải tiến cho hệ thống AI và phát triển các tiêu chuẩn, hướng dẫn để đánh giá hệ thống AI.	Năng lực số theo Khung năng lực 2025	Ứng dụng trí tuệ nhân tạo	Đánh giá Trí tuệ nhân tạo	THPT	Technology, Science, Engineering	Evaluate, Create	khuyến nghị cải tiến, phát triển tiêu chuẩn, hướng dẫn đánh giá	G10,G11,G12
CC-2.1-B5	Có thể sử dụng thành thạo nhiều công nghệ số để tương tác và chỉ cho người khác phương tiện giao tiếp nào là phù hợp nhất.	Năng lực số theo Khung năng lực 2025	Giao tiếp và Hợp tác trong môi trường số	Tương tác thông qua công nghệ số	THPT	Technology	Apply, Analyze	sử dụng thành thạo, hướng dẫn người khác, lựa chọn tối ưu	G9,G10,G11,G12
CC-2.1-B6	Có thể thích nghi với các công nghệ và phương tiện giao tiếp khác nhau để có sự tương tác phù hợp nhất.	Năng lực số theo Khung năng lực 2025	Giao tiếp và Hợp tác trong môi trường số	Tương tác thông qua công nghệ số	THPT	Technology	Analyze, Evaluate	thích nghi công nghệ, tương tác phù hợp	G10,G11,G12
CC-2.2-B5	Có thể chia sẻ thông tin qua nhiều công cụ số và hướng dẫn người khác cách đóng vai trò trung gian và áp dụng các phương pháp tham chiếu khác nhau.	Năng lực số theo Khung năng lực 2025	Giao tiếp và Hợp tác trong môi trường số	Chia sẻ thông tin và nội dung thông qua công nghệ số	THPT	Technology	Apply, Analyze	chia sẻ đa kênh, hướng dẫn người khác, nhiều phương pháp tham chiếu	G9,G10,G11,G12
CC-2.2-B6	Có thể đánh giá và chọn công nghệ chia sẻ phù hợp nhất, thích ứng với vai trò trung gian và thay đổi cách sử dụng phương pháp tham chiếu cho phù hợp.	Năng lực số theo Khung năng lực 2025	Giao tiếp và Hợp tác trong môi trường số	Chia sẻ thông tin và nội dung thông qua công nghệ số	THPT	Technology	Analyze, Evaluate	đánh giá công nghệ, thích ứng vai trò, thay đổi phương pháp	G10,G11,G12
CC-2.3-B5	Có thể đề xuất các dịch vụ số khác nhau và sử dụng các công nghệ thích hợp để tự trang bị và tham gia xã hội.	Năng lực số theo Khung năng lực 2025	Giao tiếp và Hợp tác trong môi trường số	Sử dụng công nghệ số để thực hiện trách nhiệm công dân	THPT	Technology	Apply, Analyze	đề xuất dịch vụ, sử dụng công nghệ, trao quyền	G9,G10,G11,G12
CC-2.3-B6	Có thể thay đổi cách sử dụng các dịch vụ và công nghệ số để tham gia xã hội một cách phù hợp và hiệu quả nhất.	Năng lực số theo Khung năng lực 2025	Giao tiếp và Hợp tác trong môi trường số	Sử dụng công nghệ số để thực hiện trách nhiệm công dân	THPT	Technology	Analyze, Evaluate	thay đổi cách sử dụng, tối ưu hóa, hiệu quả	G10,G11,G12
CC-2.4-B5	Có thể đề xuất các công cụ và công nghệ số khác nhau cho các quá trình hợp tác.	Năng lực số theo Khung năng lực 2025	Giao tiếp và Hợp tác trong môi trường số	Hợp tác thông qua công nghệ số	THPT	Technology	Apply, Analyze	đề xuất công cụ, làm việc nhóm trực tuyến	G9,G10,G11,G12
CC-2.4-B6	Có thể thay đổi và chọn các công cụ hợp tác phù hợp nhất để cùng xây dựng và đồng sáng tạo dữ liệu, kiến thức.	Năng lực số theo Khung năng lực 2025	Giao tiếp và Hợp tác trong môi trường số	Hợp tác thông qua công nghệ số	THPT	Technology, Engineering	Analyze, Evaluate	đồng sáng tạo, xây dựng kiến thức, chọn công cụ tối ưu	G10,G11,G12
CC-2.5-B5	Có thể áp dụng các chuẩn mực hành vi và chiến lược giao tiếp khác nhau, đồng thời xem xét các khía cạnh đa dạng văn hóa một cách phù hợp.	Năng lực số theo Khung năng lực 2025	Giao tiếp và Hợp tác trong môi trường số	Quy tắc ứng xử trên mạng	THPT	Technology	Apply, Analyze	áp dụng chuẩn mực, áp dụng chiến lược, xem xét đa dạng	G9,G10,G11,G12
CC-2.5-B6	Có thể điều chỉnh các chuẩn mực hành vi và chiến lược giao tiếp để phù hợp nhất với bối cảnh và áp dụng các khía cạnh đa dạng văn hóa.	Năng lực số theo Khung năng lực 2025	Giao tiếp và Hợp tác trong môi trường số	Quy tắc ứng xử trên mạng	THPT	Technology	Analyze, Evaluate	điều chỉnh hành vi, điều chỉnh chiến lược, phù hợp bối cảnh	G10,G11,G12
CC-2.6-B5	Có thể sử dụng và áp dụng các cách khác nhau để quản lý nhiều danh tính số và bảo vệ danh tiếng trực tuyến.	Năng lực số theo Khung năng lực 2025	Giao tiếp và Hợp tác trong môi trường số	Quản lý danh tính số	THPT	Technology	Apply, Analyze	quản lý nhiều danh tính, bảo vệ danh tiếng	G9,G10,G11,G12
CC-2.6-B6	Có thể phân biệt nhiều danh tính số, giải thích cách bảo vệ danh tiếng phù hợp và thay đổi dữ liệu được tạo ra qua các công cụ.	Năng lực số theo Khung năng lực 2025	Giao tiếp và Hợp tác trong môi trường số	Quản lý danh tính số	THPT	Technology	Analyze, Evaluate	phân biệt danh tính, giải thích cách phù hợp, thay đổi dữ liệu	G10,G11,G12
DC-3.1-B5	Có thể áp dụng các cách tạo, chỉnh sửa nội dung ở nhiều định dạng khác nhau và chỉ ra được cách thể hiện bản thân qua phương tiện số.	Năng lực số theo Khung năng lực 2025	Sáng tạo nội dung số	Phát triển nội dung số	THPT	Technology, Art	Apply, Analyze	áp dụng, tạo nội dung, nhiều định dạng, hướng dẫn	G9,G10,G11,G12
DC-3.1-B6	Có thể thay đổi nội dung bằng các định dạng phù hợp nhất và điều chỉnh cách thể hiện bản thân qua phương tiện số một cách tối ưu.	Năng lực số theo Khung năng lực 2025	Sáng tạo nội dung số	Phát triển nội dung số	THPT	Technology, Art	Analyze, Evaluate	thay đổi định dạng, điều chỉnh, tối ưu hóa, sản phẩm số	G10,G11,G12
DC-3.2-B5	Có thể làm việc với các nội dung mới khác nhau, sửa đổi và tích hợp chúng để tạo ra những sản phẩm mới và độc đáo.	Năng lực số theo Khung năng lực 2025	Sáng tạo nội dung số	Tích hợp và tạo lập lại nội dung số	THPT	Technology, Art, Engineering	Apply, Analyze	làm việc với nhiều nguồn, sửa đổi, tích hợp	G9,G10,G11,G12
DC-3.2-B6	Có thể đánh giá và chọn cách phù hợp nhất để sửa đổi, sàng lọc, tích hợp các nội dung mới để tạo ra sản phẩm độc đáo.	Năng lực số theo Khung năng lực 2025	Sáng tạo nội dung số	Tích hợp và tạo lập lại nội dung số	THPT	Technology, Art, Engineering	Analyze, Evaluate	đánh giá, sàng lọc, tích hợp, tối ưu	G10,G11,G12
DC-3.3-B5	Có thể áp dụng các quy định khác nhau về bản quyền và giấy phép cho dữ liệu và nội dung.	Năng lực số theo Khung năng lực 2025	Sáng tạo nội dung số	Thực thi bản quyền và giấy phép	THPT	Technology	Apply, Analyze	áp dụng quy định, bản quyền, giấy phép	G9,G10,G11,G12
DC-3.3-B6	Có thể chọn các quy tắc phù hợp nhất để áp dụng bản quyền và giấy phép cho dữ liệu và nội dung.	Năng lực số theo Khung năng lực 2025	Sáng tạo nội dung số	Thực thi bản quyền và giấy phép	THPT	Technology	Evaluate	lựa chọn quy tắc, áp dụng phù hợp, bản quyền	G10,G11,G12
DC-3.4-B5	Có thể tự thao tác bằng các hướng dẫn để máy tính giải quyết các vấn đề hoặc thực hiện các nhiệm vụ khác nhau.	Năng lực số theo Khung năng lực 2025	Sáng tạo nội dung số	Lập trình	THPT	Technology, Engineering, Math	Apply, Analyze	thao tác, lập trình, giải quyết vấn đề khác nhau	G9,G10,G11,G12
DC-3.4-B6	Có thể xác định các hướng dẫn thích hợp nhất cho máy tính để giải quyết một vấn đề và thực hiện các nhiệm vụ cụ thể.	Năng lực số theo Khung năng lực 2025	Sáng tạo nội dung số	Lập trình	THPT	Technology, Engineering, Math	Analyze, Evaluate	xác định hướng dẫn, tối ưu hóa, lập trình hiệu quả	G10,G11,G12
IF-1.1-B5	Có thể áp dụng các kỹ thuật tìm kiếm và chỉ cho người khác cách truy cập, điều hướng thông tin hiệu quả.	Năng lực số theo Khung năng lực 2025	Khai thác Dữ liệu và Thông tin	Duyệt, tìm kiếm và lọc dữ liệu, thông tin và nội dung số	THPT	Technology	Apply, Analyze	áp dụng kỹ thuật, hướng dẫn người khác, đề xuất chiến lược	G9,G10,G11,G12
IF-1.1-B6	Có thể điều chỉnh linh hoạt và sử dụng đa dạng các chiến lược tìm kiếm để tìm ra thông tin phù hợp nhất trong bối cảnh phức tạp.	Năng lực số theo Khung năng lực 2025	Khai thác Dữ liệu và Thông tin	Duyệt, tìm kiếm và lọc dữ liệu, thông tin và nội dung số	THPT	Technology	Analyze, Evaluate	đánh giá nhu cầu, điều chỉnh chiến lược, linh hoạt	G10,G11,G12
IF-1.2-B5	Có thể thực hiện và tiến hành đánh giá độ tin cậy của nhiều nguồn thông tin, dữ liệu khác nhau.	Năng lực số theo Khung năng lực 2025	Khai thác Dữ liệu và Thông tin	Đánh giá dữ liệu, thông tin và nội dung số	THPT	Technology, Science	Analyze, Evaluate	tiến hành đánh giá, nguồn khác nhau	G9,G10,G11,G12
IF-1.2-B6	Có thể đánh giá một cách có phê phán về độ tin cậy và tính chính xác của các nguồn thông tin, dữ liệu.	Năng lực số theo Khung năng lực 2025	Khai thác Dữ liệu và Thông tin	Đánh giá dữ liệu, thông tin và nội dung số	THPT	Technology, Science	Evaluate	đánh giá phê phán, độ chính xác, thiên kiến	G10,G11,G12
IF-1.3-B5	Có thể triển khai việc tổ chức, sắp xếp và thao tác trên dữ liệu, thông tin để truy xuất dễ dàng hơn.	Năng lực số theo Khung năng lực 2025	Khai thác Dữ liệu và Thông tin	Quản lý dữ liệu, thông tin và nội dung số	THPT	Technology	Apply, Analyze	triển khai, thao tác dữ liệu, quản lý hệ thống	G9,G10,G11,G12
IF-1.3-B6	Có thể điều chỉnh việc quản lý dữ liệu, thông tin để tối ưu hóa cho việc thu hồi và lưu trữ trong các môi trường khác nhau.	Năng lực số theo Khung năng lực 2025	Khai thác Dữ liệu và Thông tin	Quản lý dữ liệu, thông tin và nội dung số	THPT	Technology	Analyze, Evaluate	điều chỉnh, tối ưu hóa, quản lý, lưu trữ đám mây	G10,G11,G12
PS-5.1-B5	Có thể đánh giá các vấn đề kỹ thuật khi sử dụng thiết bị số và áp dụng các giải pháp khác nhau để khắc phục.	Năng lực số theo Khung năng lực 2025	Giải quyết vấn đề	Giải quyết các vấn đề kỹ thuật	THPT	Technology, Engineering	Apply, Analyze	đánh giá vấn đề, áp dụng giải pháp, khắc phục	G9,G10,G11,G12
PS-5.1-B6	Có thể thẩm định các vấn đề kỹ thuật khi vận hành thiết bị và giải quyết chúng bằng những giải pháp phù hợp nhất.	Năng lực số theo Khung năng lực 2025	Giải quyết vấn đề	Giải quyết các vấn đề kỹ thuật	THPT	Technology, Engineering	Analyze, Evaluate	thẩm định, giải quyết, giải pháp tối ưu	G10,G11,G12
PS-5.2-B5	Có thể đánh giá nhu cầu cá nhân và áp dụng các công cụ, giải pháp công nghệ khác nhau để giải quyết.	Năng lực số theo Khung năng lực 2025	Giải quyết vấn đề	Xác định nhu cầu và giải pháp công nghệ	THPT	Technology, Engineering	Apply, Analyze	đánh giá nhu cầu, áp dụng công cụ, đa dạng	G9,G10,G11,G12
PS-5.2-B6	Có thể đánh giá nhu cầu cá nhân và quyết định chọn các công cụ, giải pháp công nghệ phù hợp nhất để giải quyết.	Năng lực số theo Khung năng lực 2025	Giải quyết vấn đề	Xác định nhu cầu và giải pháp công nghệ	THPT	Technology, Engineering	Analyze, Evaluate	đánh giá nhu cầu, quyết định, giải pháp tối ưu	G10,G11,G12
PS-5.3-B5	Có thể áp dụng các công cụ số khác nhau để tạo ra kiến thức, đổi mới và giải quyết các vấn đề khác nhau.	Năng lực số theo Khung năng lực 2025	Giải quyết vấn đề	Sử dụng sáng tạo công nghệ số	THPT	Technology, Engineering, Art	Apply, Analyze	áp dụng, tạo kiến thức, đổi mới, giải quyết vấn đề	G9,G10,G11,G12
PS-5.3-B6	Có thể điều chỉnh các công cụ số phù hợp nhất để tạo ra kiến thức, đổi mới và giải quyết các vấn đề trong môi trường số.	Năng lực số theo Khung năng lực 2025	Giải quyết vấn đề	Sử dụng sáng tạo công nghệ số	THPT	Technology, Engineering, Art	Analyze, Evaluate	điều chỉnh, phù hợp nhất, giải quyết vấn đề	G10,G11,G12
PS-5.4-B5	Có thể chứng minh năng lực số cần cải thiện, minh họa cách hỗ trợ người khác và đề xuất các cơ hội phát triển.	Năng lực số theo Khung năng lực 2025	Giải quyết vấn đề	Xác định các vấn đề cần cải thiện về năng lực số	THPT	Technology	Apply, Analyze	chứng minh, minh họa hỗ trợ, đề xuất cơ hội	G9,G10,G11,G12
PS-5.4-B6	Có thể quyết định cách cải thiện năng lực số của bản thân, đánh giá sự phát triển của người khác và lựa chọn cơ hội phát triển phù hợp.	Năng lực số theo Khung năng lực 2025	Giải quyết vấn đề	Xác định các vấn đề cần cải thiện về năng lực số	THPT	Technology	Analyze, Evaluate	quyết định, đánh giá phát triển, lựa chọn cơ hội	G10,G11,G12
SF-4.1-B5	Có thể áp dụng các cách khác nhau để bảo vệ thiết bị và nhận thức được sự đa dạng của các rủi ro trong môi trường số.	Năng lực số theo Khung năng lực 2025	An toàn	Bảo vệ thiết bị	THPT	Technology	Apply, Analyze	áp dụng, bảo vệ đa dạng, nhận thức rủi ro, virus	G9,G10,G11,G12
SF-4.1-B6	Có thể chọn lựa và đánh giá các cách thức, biện pháp bảo vệ thiết bị, nội dung số phù hợp nhất với bối cảnh.	Năng lực số theo Khung năng lực 2025	An toàn	Bảo vệ thiết bị	THPT	Technology	Analyze, Evaluate	lựa chọn tối ưu, đánh giá biện pháp, phù hợp bối cảnh	G10,G11,G12
SF-4.2-B5	Có thể áp dụng các cách thức khác nhau để bảo vệ dữ liệu cá nhân và chia sẻ thông tin một cách an toàn.	Năng lực số theo Khung năng lực 2025	An toàn	Bảo vệ dữ liệu cá nhân và quyền riêng tư	THPT	Technology	Apply, Analyze	áp dụng, bảo vệ dữ liệu, chia sẻ an toàn, phishing	G9,G10,G11,G12
SF-4.2-B6	Có thể đánh giá và chọn lựa cách thức phù hợp nhất để bảo vệ dữ liệu cá nhân và chia sẻ thông tin trong từng bối cảnh.	Năng lực số theo Khung năng lực 2025	An toàn	Bảo vệ dữ liệu cá nhân và quyền riêng tư	THPT	Technology	Analyze, Evaluate	đánh giá, lựa chọn tối ưu, quyền riêng tư, bối cảnh	G10,G11,G12
SF-4.3-B5	Có thể trình bày và áp dụng các cách thức khác nhau để bảo vệ bản thân, người khác và tăng cường thịnh vượng xã hội qua công nghệ.	Năng lực số theo Khung năng lực 2025	An toàn	Bảo vệ sức khỏe và an sinh số	THPT	Technology	Apply, Analyze	áp dụng, bảo vệ người khác, thịnh vượng xã hội	G9,G10,G11,G12
SF-4.3-B6	Có thể phân biệt, vận dụng và linh hoạt sử dụng các cách thức phù hợp nhất để bảo vệ sức khỏe và tăng cường thịnh vượng xã hội.	Năng lực số theo Khung năng lực 2025	An toàn	Bảo vệ sức khỏe và an sinh số	THPT	Technology	Analyze, Evaluate	vận dụng linh hoạt, phù hợp nhất, sức khỏe tinh thần	G10,G11,G12
SF-4.4-B5	Có thể trình bày các cách thức khác nhau để bảo vệ môi trường khỏi tác động của công nghệ số.	Năng lực số theo Khung năng lực 2025	An toàn	Bảo vệ môi trường	THPT	Technology, Science	Apply, Analyze	trình bày, cách thức bảo vệ, tiêu dùng bền vững	G9,G10,G11,G12
SF-4.4-B6	Có thể chọn lựa giải pháp phù hợp nhất để bảo vệ môi trường khỏi tác động của công nghệ số.	Năng lực số theo Khung năng lực 2025	An toàn	Bảo vệ môi trường	THPT	Technology, Science	Analyze, Evaluate	lựa chọn giải pháp, phù hợp nhất, công nghệ xanh	G10,G11,G12
AI-6.1-B3	Có thể tự mình áp dụng các nguyên tắc cơ bản của AI và thực hiện các thao tác cơ bản trên các công cụ AI.	Năng lực số theo Khung năng lực 2025	Ứng dụng trí tuệ nhân tạo	Hiểu biết về Trí tuệ nhân tạo	THCS	Technology, Science	Apply	áp dụng nguyên tắc, thao tác cơ bản, công cụ AI	G5,G6,G7,G8
AI-6.1-B4	Có thể độc lập phân tích cách AI hoạt động trong các ứng dụng cụ thể và so sánh các hệ thống AI khác nhau.	Năng lực số theo Khung năng lực 2025	Ứng dụng trí tuệ nhân tạo	Hiểu biết về Trí tuệ nhân tạo	THCS	Technology, Science	Analyze	phân tích hoạt động, so sánh hệ thống, Gen AI	G7,G8,G9,G10
AI-6.2-B3	Có thể tự mình sử dụng các công cụ AI trong học tập, thực hành các kỹ năng và xem xét các khía cạnh đạo đức khi sử dụng.	Năng lực số theo Khung năng lực 2025	Ứng dụng trí tuệ nhân tạo	Sử dụng Trí tuệ nhân tạo	THCS	Technology	Apply, Analyze	sử dụng AI trong học tập, thực hành, xem xét đạo đức	G5,G6,G7,G8
AI-6.2-B4	Có thể độc lập tối ưu hóa việc sử dụng, quản lý việc triển khai các công cụ AI và bảo vệ dữ liệu cá nhân khi sử dụng.	Năng lực số theo Khung năng lực 2025	Ứng dụng trí tuệ nhân tạo	Sử dụng Trí tuệ nhân tạo	THCS	Technology	Apply, Analyze	tối ưu hóa, quản lý triển khai, bảo vệ dữ liệu	G7,G8,G9,G10
AI-6.3-B3	Có thể tự mình phân tích hiệu quả và so sánh hiệu suất của các hệ thống AI trong việc giải quyết vấn đề cụ thể.	Năng lực số theo Khung năng lực 2025	Ứng dụng trí tuệ nhân tạo	Đánh giá Trí tuệ nhân tạo	THCS	Technology, Science	Analyze	phân tích hiệu quả, so sánh hiệu suất	G5,G6,G7,G8
AI-6.3-B4	Có thể độc lập đánh giá độ chính xác, tin cậy của các hệ thống AI và đưa ra nhận xét về kết quả của chúng.	Năng lực số theo Khung năng lực 2025	Ứng dụng trí tuệ nhân tạo	Đánh giá Trí tuệ nhân tạo	THCS	Technology, Science	Analyze, Evaluate	đánh giá chính xác, độ tin cậy, nhận xét kết quả	G7,G8,G9,G10
CC-2.1-B3	Có thể tự mình thực hiện các tương tác thường xuyên bằng các công nghệ số và lựa chọn phương tiện phù hợp cho bối cảnh cụ thể.	Năng lực số theo Khung năng lực 2025	Giao tiếp và Hợp tác trong môi trường số	Tương tác thông qua công nghệ số	THCS	Technology	Apply	tương tác thường xuyên, lựa chọn phương tiện, bối cảnh giao tiếp	G5,G6,G7,G8
CC-2.1-B4	Có thể độc lập lựa chọn và sử dụng nhiều công nghệ số để tương tác trong nhiều bối cảnh khác nhau.	Năng lực số theo Khung năng lực 2025	Giao tiếp và Hợp tác trong môi trường số	Tương tác thông qua công nghệ số	THCS	Technology	Apply, Analyze	sử dụng nhiều công nghệ, nhiều bối cảnh	G7,G8,G9,G10
CC-2.2-B3	Có thể tự mình lựa chọn công nghệ và giải thích vai trò trung gian để chia sẻ thông tin, đồng thời minh họa được cách tham chiếu nguồn.	Năng lực số theo Khung năng lực 2025	Giao tiếp và Hợp tác trong môi trường số	Chia sẻ thông tin và nội dung thông qua công nghệ số	THCS	Technology	Apply, Understand	lựa chọn công nghệ, vai trò trung gian, minh họa tham chiếu	G5,G6,G7,G8
CC-2.2-B4	Có thể độc lập vận dụng các công nghệ số để chia sẻ thông tin và giải thích cách đóng vai trò trung gian, đồng thời áp dụng được các phương pháp tham chiếu.	Năng lực số theo Khung năng lực 2025	Giao tiếp và Hợp tác trong môi trường số	Chia sẻ thông tin và nội dung thông qua công nghệ số	THCS	Technology	Apply, Analyze	vận dụng công nghệ, đóng vai trò trung gian, áp dụng tham chiếu	G7,G8,G9,G10
CC-2.3-B3	Có thể tự mình lựa chọn các dịch vụ số phổ biến và xác định công nghệ phù hợp để trang bị và tham gia xã hội.	Năng lực số theo Khung năng lực 2025	Giao tiếp và Hợp tác trong môi trường số	Sử dụng công nghệ số để thực hiện trách nhiệm công dân	THCS	Technology	Apply	lựa chọn dịch vụ, trang bị kỹ năng, công dân số	G5,G6,G7,G8
CC-2.3-B4	Có thể độc lập lựa chọn các dịch vụ số và thảo luận về các công nghệ phù hợp để nâng cao năng lực và tham gia xã hội.	Năng lực số theo Khung năng lực 2025	Giao tiếp và Hợp tác trong môi trường số	Sử dụng công nghệ số để thực hiện trách nhiệm công dân	THCS	Technology	Apply, Analyze	thảo luận công nghệ, nâng cao năng lực, dịch vụ công	G7,G8,G9,G10
CC-2.4-B3	Có thể tự mình lựa chọn các công cụ và công nghệ số rõ ràng và thường xuyên cho các quá trình hợp tác.	Năng lực số theo Khung năng lực 2025	Giao tiếp và Hợp tác trong môi trường số	Hợp tác thông qua công nghệ số	THCS	Technology	Apply	lựa chọn công cụ, hợp tác thường xuyên, làm việc nhóm	G5,G6,G7,G8
CC-2.4-B4	Có thể độc lập lựa chọn các công cụ và công nghệ số cho các quá trình hợp tác.	Năng lực số theo Khung năng lực 2025	Giao tiếp và Hợp tác trong môi trường số	Hợp tác thông qua công nghệ số	THCS	Technology	Apply	lựa chọn độc lập, công cụ hợp tác	G7,G8,G9,G10
CC-2.5-B3	Có thể tự mình làm rõ các chuẩn mực hành vi, thể hiện chiến lược giao tiếp và mô tả sự đa dạng văn hóa trong môi trường số.	Năng lực số theo Khung năng lực 2025	Giao tiếp và Hợp tác trong môi trường số	Quy tắc ứng xử trên mạng	THCS	Technology	Apply	làm rõ chuẩn mực, thể hiện chiến lược, mô tả đa dạng	G5,G6,G7,G8
CC-2.5-B4	Có thể độc lập thảo luận về các chuẩn mực hành vi, chiến lược giao tiếp và các khía cạnh đa dạng văn hóa trong môi trường số.	Năng lực số theo Khung năng lực 2025	Giao tiếp và Hợp tác trong môi trường số	Quy tắc ứng xử trên mạng	THCS	Technology	Analyze	thảo luận chuẩn mực, thảo luận chiến lược, đa dạng văn hóa	G7,G8,G9,G10
CC-2.6-B3	Có thể tự mình phân biệt các danh tính số, giải thích cách bảo vệ danh tiếng và mô tả dữ liệu mình thường xuyên thu được.	Năng lực số theo Khung năng lực 2025	Giao tiếp và Hợp tác trong môi trường số	Quản lý danh tính số	THCS	Technology	Apply, Understand	phân biệt danh tính, giải thích bảo vệ, mô tả dữ liệu	G5,G6,G7,G8
CC-2.6-B4	Có thể độc lập hiển thị các danh tính số cụ thể, thảo luận cách bảo vệ danh tiếng và thao tác dữ liệu cá nhân.	Năng lực số theo Khung năng lực 2025	Giao tiếp và Hợp tác trong môi trường số	Quản lý danh tính số	THCS	Technology	Apply, Analyze	hiển thị danh tính, thảo luận bảo vệ, thao tác dữ liệu	G7,G8,G9,G10
DC-3.1-B3	Có thể tự mình chỉ ra cách tạo và chỉnh sửa nội dung phổ thông bằng các định dạng rõ ràng và thể hiện bản thân qua các phương tiện số thông thường.	Năng lực số theo Khung năng lực 2025	Sáng tạo nội dung số	Phát triển nội dung số	THCS	Technology, Art	Apply, Understand	tạo nội dung phổ thông, định dạng rõ ràng, thể hiện bản thân	G5,G6,G7,G8
DC-3.1-B4	Có thể độc lập chỉ ra cách tạo và chỉnh sửa nội dung ở các định dạng khác nhau và thể hiện bản thân qua các phương tiện số.	Năng lực số theo Khung năng lực 2025	Sáng tạo nội dung số	Phát triển nội dung số	THCS	Technology, Art	Apply, Analyze	tạo nội dung đa dạng, nhiều định dạng	G7,G8,G9,G10
DC-3.2-B3	Có thể tự mình giải thích được các cách sửa đổi, tích hợp nội dung mới để tạo ra sản phẩm độc đáo và rõ ràng.	Năng lực số theo Khung năng lực 2025	Sáng tạo nội dung số	Tích hợp và tạo lập lại nội dung số	THCS	Technology, Art	Apply, Understand	giải thích, tích hợp nội dung, sản phẩm rõ ràng	G5,G6,G7,G8
DC-3.2-B4	Có thể độc lập thảo luận các cách sửa đổi, tích hợp nội dung mới để tạo ra sản phẩm độc đáo.	Năng lực số theo Khung năng lực 2025	Sáng tạo nội dung số	Tích hợp và tạo lập lại nội dung số	THCS	Technology, Art	Apply, Analyze	thảo luận, tích hợp nội dung, sản phẩm độc đáo	G7,G8,G9,G10
DC-3.3-B3	Có thể tự mình chỉ ra các quy tắc thông thường và rõ ràng về bản quyền và giấy phép.	Năng lực số theo Khung năng lực 2025	Sáng tạo nội dung số	Thực thi bản quyền và giấy phép	THCS	Technology	Apply	quy tắc thông thường, bản quyền, trích dẫn nguồn	G5,G6,G7,G8
DC-3.3-B4	Có thể độc lập thảo luận các quy tắc về bản quyền và giấy phép.	Năng lực số theo Khung năng lực 2025	Sáng tạo nội dung số	Thực thi bản quyền và giấy phép	THCS	Technology	Analyze	thảo luận, bản quyền, giấy phép, creative commons	G7,G8,G9,G10
DC-3.4-B3	Có thể tự mình liệt kê các hướng dẫn thông thường và rõ ràng cho máy tính để giải quyết các vấn đề thường ngày.	Năng lực số theo Khung năng lực 2025	Sáng tạo nội dung số	Lập trình	THCS	Technology, Engineering, Math	Apply	lập trình, giải quyết vấn đề, tác vụ thường ngày	G5,G6,G7,G8
DC-3.4-B4	Có thể độc lập liệt kê các hướng dẫn cho máy tính để giải quyết một vấn đề hoặc thực hiện một nhiệm vụ cụ thể.	Năng lực số theo Khung năng lực 2025	Sáng tạo nội dung số	Lập trình	THCS	Technology, Engineering, Math	Apply, Analyze	lập trình, giải quyết vấn đề cụ thể, tư duy thuật toán	G7,G8,G9,G10
IF-1.1-B3	Có thể tự mình giải thích được nhu cầu thông tin và thực hiện các tìm kiếm theo một quy trình rõ ràng.	Năng lực số theo Khung năng lực 2025	Khai thác Dữ liệu và Thông tin	Duyệt, tìm kiếm và lọc dữ liệu, thông tin và nội dung số	THCS	Technology	Apply	giải thích nhu cầu, theo quy trình, điều hướng kết quả	G5,G6,G7,G8
IF-1.1-B4	Có thể tự mình tổ chức việc tìm kiếm và mô tả lại được cách truy cập thông tin cho các vấn đề rõ ràng.	Năng lực số theo Khung năng lực 2025	Khai thác Dữ liệu và Thông tin	Duyệt, tìm kiếm và lọc dữ liệu, thông tin và nội dung số	THCS	Technology	Apply, Analyze	tổ chức tìm kiếm, mô tả cách truy cập, chiến lược tìm kiếm	G7,G8,G9,G10
IF-1.2-B3	Có thể tự mình phân tích, so sánh, đánh giá độ tin cậy của các nguồn thông tin đã được tổ chức rõ ràng.	Năng lực số theo Khung năng lực 2025	Khai thác Dữ liệu và Thông tin	Đánh giá dữ liệu, thông tin và nội dung số	THCS	Technology, Science	Apply, Analyze	phân tích, so sánh, đánh giá, nguồn rõ ràng	G5,G6,G7,G8
IF-1.2-B4	Có thể độc lập phân tích, so sánh, đánh giá và diễn giải các nguồn thông tin khác nhau.	Năng lực số theo Khung năng lực 2025	Khai thác Dữ liệu và Thông tin	Đánh giá dữ liệu, thông tin và nội dung số	THCS	Technology, Science	Analyze	phân tích độc lập, so sánh, diễn giải	G7,G8,G9,G10
IF-1.3-B3	Có thể tự mình lựa chọn và sắp xếp dữ liệu, thông tin một cách có trật tự và thường xuyên.	Năng lực số theo Khung năng lực 2025	Khai thác Dữ liệu và Thông tin	Quản lý dữ liệu, thông tin và nội dung số	THCS	Technology	Apply	lựa chọn, sắp xếp, trật tự, quản lý file	G5,G6,G7,G8
IF-1.3-B4	Có thể độc lập tổ chức và sắp xếp thông tin, dữ liệu để dễ dàng lưu trữ và truy xuất.	Năng lực số theo Khung năng lực 2025	Khai thác Dữ liệu và Thông tin	Quản lý dữ liệu, thông tin và nội dung số	THCS	Technology	Apply, Analyze	tổ chức, sắp xếp, truy xuất, thư mục	G7,G8,G9,G10
PS-5.1-B3	Có thể tự mình chỉ ra các vấn đề kỹ thuật thông thường và chọn các giải pháp rõ ràng để khắc phục.	Năng lực số theo Khung năng lực 2025	Giải quyết vấn đề	Giải quyết các vấn đề kỹ thuật	THCS	Technology, Engineering	Apply	vấn đề thông thường, chọn giải pháp, khắc phục sự cố	G5,G6,G7,G8
PS-5.1-B4	Có thể độc lập phân biệt các vấn đề kỹ thuật khi vận hành thiết bị và chọn giải pháp phù hợp cho chúng.	Năng lực số theo Khung năng lực 2025	Giải quyết vấn đề	Giải quyết các vấn đề kỹ thuật	THCS	Technology, Engineering	Apply, Analyze	phân biệt vấn đề, chọn giải pháp, xử lý sự cố	G7,G8,G9,G10
PS-5.2-B3	Có thể tự mình chỉ ra các nhu cầu rõ ràng và chọn các công cụ, giải pháp công nghệ thông thường để giải quyết.	Năng lực số theo Khung năng lực 2025	Giải quyết vấn đề	Xác định nhu cầu và giải pháp công nghệ	THCS	Technology, Engineering	Apply	chỉ ra nhu cầu, chọn công cụ, giải pháp thông thường	G5,G6,G7,G8
PS-5.2-B4	Có thể độc lập giải thích nhu cầu cá nhân và lựa chọn các công cụ, giải pháp công nghệ khả thi để giải quyết.	Năng lực số theo Khung năng lực 2025	Giải quyết vấn đề	Xác định nhu cầu và giải pháp công nghệ	THCS	Technology, Engineering	Apply, Analyze	giải thích nhu cầu, lựa chọn công cụ, khả thi	G7,G8,G9,G10
PS-5.3-B3	Có thể chọn các công cụ số và gắn kết vào quá trình nhận thức để giải quyết các vấn đề thông thường.	Năng lực số theo Khung năng lực 2025	Giải quyết vấn đề	Sử dụng sáng tạo công nghệ số	THCS	Technology, Engineering, Art	Apply	chọn công cụ, gắn kết, giải quyết vấn đề thông thường	G5,G6,G7,G8
PS-5.3-B4	Có thể phân biệt các công cụ số và gắn kết vào quá trình nhận thức để giải quyết các vấn đề khái niệm.	Năng lực số theo Khung năng lực 2025	Giải quyết vấn đề	Sử dụng sáng tạo công nghệ số	THCS	Technology, Engineering, Art	Apply, Analyze	phân biệt công cụ, giải quyết vấn đề khái niệm	G7,G8,G9,G10
PS-5.4-B3	Có thể tự mình giải thích được năng lực số cần cải thiện và chỉ ra các cơ hội phát triển rõ ràng.	Năng lực số theo Khung năng lực 2025	Giải quyết vấn đề	Xác định các vấn đề cần cải thiện về năng lực số	THCS	Technology	Apply, Understand	giải thích, cải thiện năng lực, cơ hội rõ ràng	G5,G6,G7,G8
PS-5.4-B4	Có thể độc lập thảo luận về năng lực số cần cải thiện, chỉ ra cách hỗ trợ người khác và tìm kiếm cơ hội phát triển.	Năng lực số theo Khung năng lực 2025	Giải quyết vấn đề	Xác định các vấn đề cần cải thiện về năng lực số	THCS	Technology	Analyze	thảo luận, hỗ trợ người khác, phát triển bản thân	G7,G8,G9,G10
SF-4.1-B3	Có thể tự mình chỉ ra và chọn lựa các cách thức, biện pháp cơ bản và phổ biến để bảo vệ thiết bị, nội dung số.	Năng lực số theo Khung năng lực 2025	An toàn	Bảo vệ thiết bị	THCS	Technology	Apply	biện pháp cơ bản, bảo vệ thiết bị, mật khẩu	G5,G6,G7,G8
SF-4.1-B4	Có thể độc lập thiết lập các cách thức bảo vệ thiết bị và giải thích được các biện pháp an toàn, bảo mật.	Năng lực số theo Khung năng lực 2025	An toàn	Bảo vệ thiết bị	THCS	Technology	Apply, Analyze	thiết lập bảo vệ, giải thích, an toàn, bảo mật	G7,G8,G9,G10
SF-4.2-B3	Có thể tự mình giải thích các cách thức cơ bản để bảo vệ dữ liệu cá nhân và chỉ ra các tuyên bố trong chính sách quyền riêng tư.	Năng lực số theo Khung năng lực 2025	An toàn	Bảo vệ dữ liệu cá nhân và quyền riêng tư	THCS	Technology	Apply, Understand	giải thích, bảo vệ dữ liệu, chính sách quyền riêng tư	G5,G6,G7,G8
SF-4.2-B4	Có thể độc lập thảo luận về cách bảo vệ dữ liệu cá nhân và chỉ ra các tuyên bố trong chính sách quyền riêng tư của dịch vụ số.	Năng lực số theo Khung năng lực 2025	An toàn	Bảo vệ dữ liệu cá nhân và quyền riêng tư	THCS	Technology	Analyze	thảo luận, bảo vệ dữ liệu, chính sách bảo mật	G7,G8,G9,G10
SF-4.3-B3	Có thể tự mình giải thích và lựa chọn các cách thức cơ bản, phổ biến để bảo vệ sức khỏe thể chất, tinh thần và tránh nguy cơ trên mạng.	Năng lực số theo Khung năng lực 2025	An toàn	Bảo vệ sức khỏe và an sinh số	THCS	Technology	Apply, Understand	bảo vệ sức khỏe, bắt nạt trên mạng, an sinh số	G5,G6,G7,G8
SF-4.3-B4	Có thể độc lập giải thích và lựa chọn cách thức bảo vệ bản thân và người khác khỏi các nguy cơ về sức khỏe liên quan đến công nghệ.	Năng lực số theo Khung năng lực 2025	An toàn	Bảo vệ sức khỏe và an sinh số	THCS	Technology	Apply, Analyze	bảo vệ người khác, nguy cơ sức khỏe, thảo luận	G7,G8,G9,G10
SF-4.4-B3	Có thể tự mình chỉ ra những tác động cơ bản và phổ biến của công nghệ số đến môi trường.	Năng lực số theo Khung năng lực 2025	An toàn	Bảo vệ môi trường	THCS	Technology, Science	Apply	tác động phổ biến, rác thải điện tử	G5,G6,G7,G8
SF-4.4-B4	Có thể độc lập thảo luận về các cách thức bảo vệ môi trường khỏi tác động của công nghệ số.	Năng lực số theo Khung năng lực 2025	An toàn	Bảo vệ môi trường	THCS	Technology, Science	Analyze	thảo luận, bảo vệ môi trường, dấu chân carbon	G7,G8,G9,G10
AI-6.1-B7	Có thể phát triển các hệ thống AI tiên tiến, tùy chỉnh theo nhu cầu và tổ chức triển khai các dự án AI phức tạp.	Năng lực số theo Khung năng lực 2025	Ứng dụng trí tuệ nhân tạo	Hiểu biết về Trí tuệ nhân tạo	Chuyên sâu / Sau THPT	Technology, Science, Engineering	Create	phát triển hệ thống, tùy chỉnh AI, dự án AI	POST_K12
AI-6.1-B8	Có thể nghiên cứu và cập nhật các lý thuyết mới về AI, đồng thời xây dựng chiến lược ứng dụng AI dài hạn.	Năng lực số theo Khung năng lực 2025	Ứng dụng trí tuệ nhân tạo	Hiểu biết về Trí tuệ nhân tạo	Chuyên sâu / Sau THPT	Technology, Science, Engineering	Create	nghiên cứu AI, lý thuyết mới, chiến lược dài hạn	POST_K12
AI-6.2-B7	Có thể đổi mới, tạo ra các ứng dụng AI mới, đào tạo người khác sử dụng và lãnh đạo việc sử dụng AI một cách có trách nhiệm.	Năng lực số theo Khung năng lực 2025	Ứng dụng trí tuệ nhân tạo	Sử dụng Trí tuệ nhân tạo	Chuyên sâu / Sau THPT	Technology, Engineering	Create	đổi mới, tạo ứng dụng, đào tạo, lãnh đạo	POST_K12
AI-6.2-B8	Có thể xây dựng chiến lược và lãnh đạo các dự án ứng dụng AI phức tạp, đảm bảo tuân thủ pháp luật và tiêu chuẩn đạo đức.	Năng lực số theo Khung năng lực 2025	Ứng dụng trí tuệ nhân tạo	Sử dụng Trí tuệ nhân tạo	Chuyên sâu / Sau THPT	Technology, Engineering	Create	xây dựng chiến lược, lãnh đạo dự án, tuân thủ pháp luật	POST_K12
AI-6.3-B7	Có thể đánh giá chiến lược ứng dụng AI trong một tổ chức và thẩm định, xác nhận hiệu quả của các hệ thống AI phức tạp.	Năng lực số theo Khung năng lực 2025	Ứng dụng trí tuệ nhân tạo	Đánh giá Trí tuệ nhân tạo	Chuyên sâu / Sau THPT	Technology, Science, Engineering	Evaluate	đánh giá chiến lược, thẩm định hiệu quả	POST_K12
AI-6.3-B8	Có thể nghiên cứu và phát triển các phương pháp đánh giá mới cho hệ thống AI và lãnh đạo các dự án đánh giá AI chi tiết.	Năng lực số theo Khung năng lực 2025	Ứng dụng trí tuệ nhân tạo	Đánh giá Trí tuệ nhân tạo	Chuyên sâu / Sau THPT	Technology, Science, Engineering	Create	nghiên cứu, phát triển phương pháp, lãnh đạo dự án đánh giá	POST_K12
CC-2.1-B7	Có thể tạo ra giải pháp cho các vấn đề tương tác phức tạp và hướng dẫn người khác tương tác hiệu quả qua công nghệ số.	Năng lực số theo Khung năng lực 2025	Giao tiếp và Hợp tác trong môi trường số	Tương tác thông qua công nghệ số	Chuyên sâu / Sau THPT	Technology, Engineering	Evaluate, Create	tạo giải pháp, vấn đề phức tạp, hướng dẫn tương tác	POST_K12
CC-2.1-B8	Có thể đề xuất quy trình tương tác mới và giải quyết các vấn đề phức tạp với nhiều yếu tố tương tác qua công nghệ số.	Năng lực số theo Khung năng lực 2025	Giao tiếp và Hợp tác trong môi trường số	Tương tác thông qua công nghệ số	Chuyên sâu / Sau THPT	Technology, Engineering	Create	đề xuất quy trình, giải quyết vấn đề tương tác, nhiều yếu tố	POST_K12
CC-2.2-B7	Có thể tạo ra giải pháp cho các vấn đề chia sẻ thông tin phức tạp và tích hợp kiến thức để hướng dẫn người khác.	Năng lực số theo Khung năng lực 2025	Giao tiếp và Hợp tác trong môi trường số	Chia sẻ thông tin và nội dung thông qua công nghệ số	Chuyên sâu / Sau THPT	Technology, Engineering	Evaluate, Create	tạo giải pháp, vấn đề phức tạp, hướng dẫn chia sẻ	POST_K12
CC-2.2-B8	Có thể đề xuất quy trình mới để giải quyết các vấn đề chia sẻ thông tin phức tạp có nhiều yếu tố tương tác.	Năng lực số theo Khung năng lực 2025	Giao tiếp và Hợp tác trong môi trường số	Chia sẻ thông tin và nội dung thông qua công nghệ số	Chuyên sâu / Sau THPT	Technology, Engineering	Create	đề xuất quy trình, giải quyết vấn đề chia sẻ, nhiều yếu tố	POST_K12
CC-2.3-B7	Có thể tạo ra giải pháp cho các vấn đề phức tạp liên quan đến việc tham gia quyền công dân và hướng dẫn người khác.	Năng lực số theo Khung năng lực 2025	Giao tiếp và Hợp tác trong môi trường số	Sử dụng công nghệ số để thực hiện trách nhiệm công dân	Chuyên sâu / Sau THPT	Technology, Engineering	Evaluate, Create	tạo giải pháp, quyền công dân, hướng dẫn	POST_K12
CC-2.3-B8	Có thể đề xuất quy trình mới để giải quyết các vấn đề tham gia quyền công dân phức tạp có nhiều yếu tố tương tác.	Năng lực số theo Khung năng lực 2025	Giao tiếp và Hợp tác trong môi trường số	Sử dụng công nghệ số để thực hiện trách nhiệm công dân	Chuyên sâu / Sau THPT	Technology, Engineering	Create	đề xuất quy trình, giải quyết vấn đề, chính phủ điện tử	POST_K12
CC-2.4-B7	Có thể thay đổi và chọn các công cụ hợp tác phù hợp nhất để cùng xây dựng và đồng sáng tạo dữ liệu, kiến thức. (Nội dung trùng với B6, cần điều chỉnh sau)	Năng lực số theo Khung năng lực 2025	Giao tiếp và Hợp tác trong môi trường số	Hợp tác thông qua công nghệ số	Chuyên sâu / Sau THPT	Technology, Engineering	Evaluate, Create	tạo giải pháp hợp tác, vấn đề phức tạp	POST_K12
CC-2.4-B8	Có thể đề xuất quy trình mới để giải quyết các vấn đề hợp tác, đồng sáng tạo phức tạp có nhiều yếu tố tương tác.	Năng lực số theo Khung năng lực 2025	Giao tiếp và Hợp tác trong môi trường số	Hợp tác thông qua công nghệ số	Chuyên sâu / Sau THPT	Technology, Engineering	Create	đề xuất quy trình hợp tác, đồng sáng tạo, nhiều yếu tố	POST_K12
CC-2.5-B7	Có thể tạo ra giải pháp cho các vấn đề phức tạp về nghi thức số, tôn trọng sự đa dạng và hướng dẫn người khác.	Năng lực số theo Khung năng lực 2025	Giao tiếp và Hợp tác trong môi trường số	Quy tắc ứng xử trên mạng	Chuyên sâu / Sau THPT	Technology, Engineering	Evaluate, Create	tạo giải pháp, nghi thức số, tôn trọng đa dạng	POST_K12
CC-2.5-B8	Có thể đề xuất quy trình mới để giải quyết các vấn đề phức tạp về nghi thức số có nhiều yếu tố tương tác.	Năng lực số theo Khung năng lực 2025	Giao tiếp và Hợp tác trong môi trường số	Quy tắc ứng xử trên mạng	Chuyên sâu / Sau THPT	Technology, Engineering	Create	đề xuất quy trình, giải quyết vấn đề nghi thức số	POST_K12
CC-2.6-B7	Có thể tạo ra giải pháp cho các vấn đề phức tạp về quản lý danh tính số và bảo vệ danh tiếng, đồng thời hướng dẫn người khác.	Năng lực số theo Khung năng lực 2025	Giao tiếp và Hợp tác trong môi trường số	Quản lý danh tính số	Chuyên sâu / Sau THPT	Technology, Engineering	Evaluate, Create	tạo giải pháp, quản lý danh tính, bảo vệ danh tiếng	POST_K12
CC-2.6-B8	Có thể đề xuất quy trình mới để giải quyết các vấn đề phức tạp về quản lý danh tính số và danh tiếng có nhiều yếu tố tương tác.	Năng lực số theo Khung năng lực 2025	Giao tiếp và Hợp tác trong môi trường số	Quản lý danh tính số	Chuyên sâu / Sau THPT	Technology, Engineering	Create	đề xuất quy trình, giải quyết vấn đề danh tính	POST_K12
DC-3.1-B7	Có thể tạo ra giải pháp cho các vấn đề tạo, chỉnh sửa nội dung phức tạp và tích hợp kiến thức để hướng dẫn người khác.	Năng lực số theo Khung năng lực 2025	Sáng tạo nội dung số	Phát triển nội dung số	Chuyên sâu / Sau THPT	Technology, Art, Engineering	Evaluate, Create	tạo giải pháp, vấn đề phức tạp, hướng dẫn sáng tạo	POST_K12
DC-3.1-B8	Có thể đề xuất quy trình mới để giải quyết các vấn đề tạo và xuất bản nội dung phức tạp có nhiều yếu tố ảnh hưởng.	Năng lực số theo Khung năng lực 2025	Sáng tạo nội dung số	Phát triển nội dung số	Chuyên sâu / Sau THPT	Technology, Art, Engineering	Create	đề xuất quy trình, giải quyết vấn đề xuất bản, nhiều yếu tố	POST_K12
DC-3.2-B7	Có thể tạo ra giải pháp cho các vấn đề tích hợp nội dung phức tạp và hướng dẫn người khác cách tích hợp, xây dựng lại nội dung.	Năng lực số theo Khung năng lực 2025	Sáng tạo nội dung số	Tích hợp và tạo lập lại nội dung số	Chuyên sâu / Sau THPT	Technology, Art, Engineering	Evaluate, Create	tạo giải pháp, vấn đề phức tạp, hướng dẫn tích hợp	POST_K12
DC-3.2-B8	Có thể đề xuất quy trình mới để giải quyết các vấn đề phức tạp về sửa đổi, tích hợp nội dung có nhiều yếu tố ảnh hưởng.	Năng lực số theo Khung năng lực 2025	Sáng tạo nội dung số	Tích hợp và tạo lập lại nội dung số	Chuyên sâu / Sau THPT	Technology, Art, Engineering	Create	đề xuất quy trình, giải quyết vấn đề tích hợp, nhiều yếu tố	POST_K12
DC-3.3-B7	Có thể tạo ra giải pháp cho các vấn đề phức tạp về áp dụng bản quyền, giấy phép và hướng dẫn người khác.	Năng lực số theo Khung năng lực 2025	Sáng tạo nội dung số	Thực thi bản quyền và giấy phép	Chuyên sâu / Sau THPT	Technology, Engineering	Evaluate, Create	tạo giải pháp, vấn đề phức tạp, hướng dẫn bản quyền	POST_K12
DC-3.3-B8	Có thể đề xuất quy trình mới để giải quyết các vấn đề phức tạp về áp dụng bản quyền, giấy phép có nhiều yếu tố ảnh hưởng.	Năng lực số theo Khung năng lực 2025	Sáng tạo nội dung số	Thực thi bản quyền và giấy phép	Chuyên sâu / Sau THPT	Technology, Engineering	Create	đề xuất quy trình, giải quyết vấn đề bản quyền, nhiều yếu tố	POST_K12
DC-3.4-B7	Có thể tạo ra giải pháp lập trình cho các vấn đề phức tạp và hướng dẫn người khác lập trình.	Năng lực số theo Khung năng lực 2025	Sáng tạo nội dung số	Lập trình	Chuyên sâu / Sau THPT	Technology, Engineering, Math	Evaluate, Create	tạo giải pháp lập trình, vấn đề phức tạp, hướng dẫn lập trình	POST_K12
DC-3.4-B8	Có thể đề xuất quy trình mới và giải quyết các vấn đề lập trình phức tạp có nhiều yếu tố tác động.	Năng lực số theo Khung năng lực 2025	Sáng tạo nội dung số	Lập trình	Chuyên sâu / Sau THPT	Technology, Engineering, Math	Create	đề xuất quy trình, giải quyết vấn đề lập trình, kiến trúc phần mềm	POST_K12
IF-1.1-B7	Có thể tạo ra giải pháp và hướng dẫn người khác thực hiện các nhiệm vụ tìm kiếm phức tạp, có định nghĩa hạn chế.	Năng lực số theo Khung năng lực 2025	Khai thác Dữ liệu và Thông tin	Duyệt, tìm kiếm và lọc dữ liệu, thông tin và nội dung số	Chuyên sâu / Sau THPT	Technology, Engineering	Evaluate, Create	tạo giải pháp, vấn đề phức tạp, tích hợp kiến thức	POST_K12
IF-1.1-B8	Có thể đề xuất ý tưởng, quy trình mới và giải quyết các vấn đề tìm kiếm phức tạp có nhiều yếu tố tương tác.	Năng lực số theo Khung năng lực 2025	Khai thác Dữ liệu và Thông tin	Duyệt, tìm kiếm và lọc dữ liệu, thông tin và nội dung số	Chuyên sâu / Sau THPT	Technology, Engineering	Create	đề xuất quy trình, giải quyết vấn đề phức tạp, ý tưởng mới	POST_K12
IF-1.2-B7	Có thể tạo ra giải pháp để đánh giá độ tin cậy của các nguồn thông tin trong những vấn đề phức tạp.	Năng lực số theo Khung năng lực 2025	Khai thác Dữ liệu và Thông tin	Đánh giá dữ liệu, thông tin và nội dung số	Chuyên sâu / Sau THPT	Technology, Engineering	Evaluate, Create	tạo giải pháp đánh giá, vấn đề phức tạp	POST_K12
IF-1.2-B8	Có thể đề xuất quy trình mới và hướng dẫn người khác trong việc phân tích, đánh giá độ tin cậy của thông tin.	Năng lực số theo Khung năng lực 2025	Khai thác Dữ liệu và Thông tin	Đánh giá dữ liệu, thông tin và nội dung số	Chuyên sâu / Sau THPT	Technology, Engineering	Create	đề xuất quy trình, hướng dẫn phân tích, nhiều yếu tố	POST_K12
IF-1.3-B7	Có thể tạo ra giải pháp quản lý dữ liệu cho các vấn đề phức tạp và hướng dẫn người khác thực hiện.	Năng lực số theo Khung năng lực 2025	Khai thác Dữ liệu và Thông tin	Quản lý dữ liệu, thông tin và nội dung số	Chuyên sâu / Sau THPT	Technology, Engineering	Evaluate, Create	tạo giải pháp, quản lý dữ liệu, vấn đề phức tạp	POST_K12
IF-1.3-B8	Có thể đề xuất quy trình mới để quản lý dữ liệu, thông tin trong các hệ thống phức tạp, có nhiều yếu tố tương tác.	Năng lực số theo Khung năng lực 2025	Khai thác Dữ liệu và Thông tin	Quản lý dữ liệu, thông tin và nội dung số	Chuyên sâu / Sau THPT	Technology, Engineering	Create	đề xuất quy trình, hệ thống phức tạp, quản lý thông tin	POST_K12
PS-5.1-B7	Có thể tạo ra giải pháp cho các vấn đề kỹ thuật phức tạp và hướng dẫn người khác giải quyết.	Năng lực số theo Khung năng lực 2025	Giải quyết vấn đề	Giải quyết các vấn đề kỹ thuật	Chuyên sâu / Sau THPT	Technology, Engineering	Evaluate, Create	tạo giải pháp, vấn đề kỹ thuật phức tạp, hướng dẫn	POST_K12
PS-5.1-B8	Có thể đề xuất quy trình mới để giải quyết các vấn đề kỹ thuật phức tạp có nhiều yếu tố ảnh hưởng.	Năng lực số theo Khung năng lực 2025	Giải quyết vấn đề	Giải quyết các vấn đề kỹ thuật	Chuyên sâu / Sau THPT	Technology, Engineering	Create	đề xuất quy trình, giải quyết vấn đề phức tạp, nhiều yếu tố	POST_K12
PS-5.2-B7	Có thể tạo ra giải pháp công nghệ cho các vấn đề phức tạp và hướng dẫn người khác xác định nhu cầu, giải pháp.	Năng lực số theo Khung năng lực 2025	Giải quyết vấn đề	Xác định nhu cầu và giải pháp công nghệ	Chuyên sâu / Sau THPT	Technology, Engineering	Evaluate, Create	tạo giải pháp, vấn đề phức tạp, hướng dẫn	POST_K12
PS-5.2-B8	Có thể đề xuất quy trình mới để giải quyết các vấn đề phức tạp bằng công nghệ, có nhiều yếu tố ảnh hưởng.	Năng lực số theo Khung năng lực 2025	Giải quyết vấn đề	Xác định nhu cầu và giải pháp công nghệ	Chuyên sâu / Sau THPT	Technology, Engineering	Create	đề xuất quy trình, giải quyết vấn đề bằng công nghệ	POST_K12
PS-5.3-B7	Có thể tạo ra giải pháp cho các vấn đề phức tạp bằng cách sử dụng công nghệ số một cách sáng tạo và hướng dẫn người khác.	Năng lực số theo Khung năng lực 2025	Giải quyết vấn đề	Sử dụng sáng tạo công nghệ số	Chuyên sâu / Sau THPT	Technology, Engineering, Art	Evaluate, Create	tạo giải pháp, vấn đề phức tạp, hướng dẫn sáng tạo	POST_K12
PS-5.3-B8	Có thể đề xuất quy trình mới để giải quyết các vấn đề phức tạp bằng công nghệ, có nhiều yếu tố ảnh hưởng.	Năng lực số theo Khung năng lực 2025	Giải quyết vấn đề	Sử dụng sáng tạo công nghệ số	Chuyên sâu / Sau THPT	Technology, Engineering, Art	Create	đề xuất quy trình, giải quyết vấn đề sáng tạo	POST_K12
PS-5.4-B7	Có thể tạo ra giải pháp để nâng cao năng lực số, tìm kiếm cơ hội phát triển và hướng dẫn người khác xác định khoảng trống năng lực.	Năng lực số theo Khung năng lực 2025	Giải quyết vấn đề	Xác định các vấn đề cần cải thiện về năng lực số	Chuyên sâu / Sau THPT	Technology, Engineering	Evaluate, Create	tạo giải pháp, nâng cao năng lực, khoảng trống năng lực	POST_K12
PS-5.4-B8	Có thể đề xuất quy trình mới để giải quyết các vấn đề phức tạp về nâng cao năng lực số và bắt kịp xu hướng.	Năng lực số theo Khung năng lực 2025	Giải quyết vấn đề	Xác định các vấn đề cần cải thiện về năng lực số	Chuyên sâu / Sau THPT	Technology, Engineering	Create	đề xuất quy trình, giải quyết vấn đề, xu hướng công nghệ	POST_K12
SF-4.1-B7	Có thể thiết lập giải pháp bảo vệ thiết bị cho những vấn đề mới, phức tạp và hướng dẫn người khác thực hiện.	Năng lực số theo Khung năng lực 2025	An toàn	Bảo vệ thiết bị	Chuyên sâu / Sau THPT	Technology, Engineering	Evaluate, Create	thiết lập giải pháp, vấn đề phức tạp, hướng dẫn bảo vệ	POST_K12
SF-4.1-B8	Có thể tạo ra giải pháp và đề xuất quy trình mới để bảo vệ thiết bị trong môi trường có nhiều yếu tố tương tác.	Năng lực số theo Khung năng lực 2025	An toàn	Bảo vệ thiết bị	Chuyên sâu / Sau THPT	Technology, Engineering	Create	tạo giải pháp, đề xuất quy trình, an ninh mạng	POST_K12
SF-4.2-B7	Có thể thiết lập giải pháp bảo vệ dữ liệu cá nhân cho các vấn đề mới, phức tạp và hướng dẫn người khác.	Năng lực số theo Khung năng lực 2025	An toàn	Bảo vệ dữ liệu cá nhân và quyền riêng tư	Chuyên sâu / Sau THPT	Technology, Engineering	Evaluate, Create	thiết lập giải pháp, vấn đề phức tạp, hướng dẫn bảo mật	POST_K12
SF-4.2-B8	Có thể tạo ra giải pháp và đề xuất quy trình mới để bảo vệ dữ liệu cá nhân trong môi trường có nhiều yếu tố tương tác.	Năng lực số theo Khung năng lực 2025	An toàn	Bảo vệ dữ liệu cá nhân và quyền riêng tư	Chuyên sâu / Sau THPT	Technology, Engineering	Create	tạo giải pháp, đề xuất quy trình, bảo mật dữ liệu	POST_K12
SF-4.3-B7	Có thể thiết lập giải pháp cho các vấn đề mới, phức tạp về bảo vệ sức khỏe, an sinh số và hướng dẫn người khác.	Năng lực số theo Khung năng lực 2025	An toàn	Bảo vệ sức khỏe và an sinh số	Chuyên sâu / Sau THPT	Technology, Engineering	Evaluate, Create	thiết lập giải pháp, vấn đề phức tạp, hướng dẫn an sinh số	POST_K12
SF-4.3-B8	Có thể tạo ra giải pháp và đề xuất quy trình mới để bảo vệ sức khỏe, an sinh số trong môi trường có nhiều yếu tố tương tác.	Năng lực số theo Khung năng lực 2025	An toàn	Bảo vệ sức khỏe và an sinh số	Chuyên sâu / Sau THPT	Technology, Engineering	Create	tạo giải pháp, đề xuất quy trình, sức khỏe số	POST_K12
SF-4.4-B7	Có thể thiết lập giải pháp cho các vấn đề mới, phức tạp về bảo vệ môi trường liên quan đến công nghệ và hướng dẫn người khác.	Năng lực số theo Khung năng lực 2025	An toàn	Bảo vệ môi trường	Chuyên sâu / Sau THPT	Technology, Science, Engineering	Evaluate, Create	thiết lập giải pháp, vấn đề phức tạp, hướng dẫn	POST_K12
SF-4.4-B8	Có thể tạo ra giải pháp và đề xuất quy trình mới để bảo vệ môi trường khỏi tác động của công nghệ trong môi trường có nhiều yếu tố tương tác.	Năng lực số theo Khung năng lực 2025	An toàn	Bảo vệ môi trường	Chuyên sâu / Sau THPT	Technology, Science, Engineering	Create	tạo giải pháp, đề xuất quy trình, kinh tế tuần hoàn	POST_K12
